{
  "best_model": "rf",
  "best_score": 197.31797995850857,
  "results": {
    "linear": {
      "mae": 289.678463921728,
      "rmse": 389.6857771179594,
      "r2": 0.5394560406281166
    },
    "ridge": {
      "mae": 289.67813556206715,
      "rmse": 389.6840081429358,
      "r2": 0.5394602218888147
    },
    "lasso": {
      "mae": 289.66100231999474,
      "rmse": 389.44495012383027,
      "r2": 0.5400250998656562
    },
    "rf": {
      "mae": 197.31797995850857,
      "rmse": 284.47208043627285,
      "r2": 0.7545735994282746
    },
    "gb": {
      "mae": 281.0622866407549,
      "rmse": 382.110206393781,
      "r2": 0.5571881275455575
    }
  }
}